file_id,participant,interpretation,number,song
S51_hum_2_Potter.wav,S51,hum,2,Potter
S52_hum_2_Potter.wav,S52,hum,2,Potter
S52_whistle_2_Potter.wav,S52,whistle,2,Potter
S53_hum_1_Potter.wav,S53,hum,1,Potter
S53_hum_2_Potter.wav,S53,hum,2,Potter
S54_hum_2_Potter.wav,S54,hum,2,Potter
S54_whistle_2_Potter.wav,S54,whistle,2,Potter
S56_hum_2_Potter.wav,S56,hum,2,Potter
S56_whistle_2_Potter.wav,S56,whistle,2,Potter
S57_hum_2_Potter.wav,S57,hum,2,Potter
S57_whistle_2_Potter.wav,S57,whistle,2,Potter
S58_hum_1_Potter.wav,S58,hum,1,Potter
S58_hum_2_Potter.wav,S58,hum,2,Potter
S59_hum_1_Potter.wav,S59,hum,1,Potter
S59_hum_2_Potter.wav,S59,hum,2,Potter
S60_hum_1_[Potter].wav,S60,hum,1,Potter
S60_whistle_1_[Potter].wav,S60,whistle,1,Potter
S61_hum_1_[Potter].wav,S61,hum,1,Potter
S61_whistle_1_[Potter].wav,S61,whistle,1,Potter
S62_hum_1_Potter.wav,S62,hum,1,Potter
S62_hum_2_Potter.wav,S62,hum,2,Potter
S63_hum_1_[Potter].wav,S63,hum,1,Potter
S63_hum_4_[Potter].wav,S63,hum,4,Potter
S64_hum_2_Potter.wav,S64,hum,2,Potter
S64_whistle_2_Potter.wav,S64,whistle,2,Potter
S65_hum_1_Potter.wav,S65,hum,1,Potter
S65_hum_2_Potter.wav,S65,hum,2,Potter
S66_hum_2_Potter.wav,S66,hum,2,Potter
S66_whistle_2_Potter.wav,S66,whistle,2,Potter
S67_hum_2_Potter.wav,S67,hum,2,Potter
S67_whistle_2_Potter.wav,S67,whistle,2,Potter
S68_hum_2_Potter.wav,S68,hum,2,Potter
S68_whistle_2_Potter.wav,S68,whistle,2,Potter
S69_hum_1_Potter.wav,S69,hum,1,Potter
S69_hum_2_Potter.wav,S69,hum,2,Potter
S70_hum_1_Potter.wav,S70,hum,1,Potter
S70_hum_2_Potter.wav,S70,hum,2,Potter
S71_hum_1_Potter.wav,S71,hum,1,Potter
S71_hum_2_Potter.wav,S71,hum,2,Potter
S72_hum_2_Potter.wav,S72,hum,2,Potter
S72_whistle_2_Potter.wav,S72,whistle,2,Potter
S73_hum_1_Potter.wav,S73,hum,1,Potter
S73_hum_2_Potter.wav,S73,hum,2,Potter
S74_hum_1_Potter.wav,S74,hum,1,Potter
S74_hum_2_Potter.wav,S74,hum,2,Potter
S75_hum_2_Potter.wav,S75,hum,2,Potter
S75_whistle_2_Potter.wav,S75,whistle,2,Potter
S76_hum_2_Potter.wav,S76,hum,2,Potter
S76_whistle_2_Potter.wav,S76,whistle,2,Potter
S77_hum_2_Potter.wav,S77,hum,2,Potter
S77_whistle_2_Potter.wav,S77,whistle,2,Potter
S78_hum_2_Potter.wav,S78,hum,2,Potter
S78_whistle_2_Potter.wav,S78,whistle,2,Potter
S79_hum_1_[Potter].wav,S79,hum,1,Potter
S79_hum_4_[Potter].wav,S79,hum,4,Potter
S80_hum_2_Potter.wav,S80,hum,2,Potter
S80_whistle_2_Potter.wav,S80,whistle,2,Potter
S82_hum_1_[Potter].wav,S82,hum,1,Potter
S82_hum_4_[Potter].wav,S82,hum,4,Potter
S84_hum_1_Potter.wav,S84,hum,1,Potter
S84_hum_2_Potter.wav,S84,hum,2,Potter
S85_hum_1_Potter.wav,S85,hum,1,Potter
S85_hum_2_Potter.wav,S85,hum,2,Potter
S86_hum_1_Potter.wav,S86,hum,1,Potter
S86_hum_2_Potter.wav,S86,hum,2,Potter
S87_hum_2_Potter.wav,S87,hum,2,Potter
S87_whistle_2_Potter.wav,S87,whistle,2,Potter
S88_hum_1_[potter].wav,S88,hum,1,Potter
S88_whistle_1_[potter].wav,S88,whistle,1,Potter
S89_hum_2_Potter.wav,S89,hum,2,Potter
S89_whistle_2_Potter.wav,S89,whistle,2,Potter
S90_hum_2_Potter.wav,S90,hum,2,Potter
S90_whistle_2_Potter.wav,S90,whistle,2,Potter
S91_hum_2_Potter.wav,S91,hum,2,Potter
S91_whistle_2_Potter.wav,S91,whistle,2,Potter
S92_Hum_2_Potter.wav,S92,hum,2,Potter
S92_Whistle_2_Potter.wav,S92,whistle,2,Potter
S93_hum_2_Potter.wav,S93,hum,2,Potter
S93_whistle_2_Potter.wav,S93,whistle,2,Potter
S94_hum_1_Potter.wav,S94,hum,1,Potter
S94_hum_2_Potter.wav,S94,hum,2,Potter
S96_hum_1_[Potter].wav,S96,hum,1,Potter
S96_whistle_1_[Potter].wav,S96,whistle,1,Potter
S97_hum_1_Potter.wav,S97,hum,1,Potter
S97_hum_2_Potter.wav,S97,hum,2,Potter
S99_hum_1_[Potter].wav,S99,hum,1,Potter
S99_whistle_1_[Potter].wav,S99,whistle,1,Potter
S100_hum_1_Potter.wav,S100,hum,1,Potter
S100_hum_2_Potter.wav,S100,hum,2,Potter
S101_hum_1_Potter.wav,S101,hum,1,Potter
S101_hum_2_Potter.wav,S101,hum,2,Potter
S102_hum_2_Potter.wav,S102,hum,2,Potter
S102_whistle_2_Potter.wav,S102,whistle,2,Potter
S103_hum_2_Potter.wav,S103,hum,2,Potter
S103_whistle_2_Potter.wav,S103,whistle,2,Potter
S104_Hum_1_Potter.wav,S104,hum,1,Potter
S104_Hum_2_Potter.wav,S104,hum,2,Potter
S105_hum_1_harry potter.wav,S105,hum,1,Potter
S107_hum_2_Potter.wav,S107,hum,2,Potter
S107_whistle_2_Potter.wav,S107,whistle,2,Potter
S108_hum_2_Potter.wav,S108,hum,2,Potter
S108_whistle_2_Potter.wav,S108,whistle,2,Potter
S109_hum_1_[Potter].wav,S109,hum,1,Potter
S109_whistle_1_[Potter].wav,S109,whistle,1,Potter
S110_hum_1_Potter.wav,S110,hum,1,Potter
S110_hum_2_Potter.wav,S110,hum,2,Potter
S111_hum_1_Potter.wav,S111,hum,1,Potter
S111_hum_2_Potter.wav,S111,hum,2,Potter
S114_hum_1_potter.wav,S114,hum,1,Potter
S114_hum_2_potter.wav,S114,hum,2,Potter
S115_hum_2_Potter.wav,S115,hum,2,Potter
S1_hum_2_StarWars.wav,S1,hum,2,StarWars
S1_whistle_2_StarWars.wav,S1,whistle,2,StarWars
S2_hum_2_StarWars.wav,S2,hum,2,StarWars
S2_whistle_2_StarWars.wav,S2,whistle,2,StarWars
S3_hum_3_StarWars.wav,S3,hum,3,StarWars
S3_hum_4_StarWars.wav,S3,hum,4,StarWars
S4_hum_3_StarWars.wav,S4,hum,3,StarWars
S4_hum_4_StarWars.wav,S4,hum,4,StarWars
S5_hum_3_Starwars.wav,S5,hum,3,StarWars
S5_hum_4_Starwars.wav,S5,hum,4,StarWars
S6_whisle_1_starwar.wav,S6,whistle,1,StarWars
S6_whisle_2_starwar.wav,S6,whistle,2,StarWars
S7_hum_3_StarWars.wav,S7,hum,3,StarWars
S7_hum_4_StarWars.wav,S7,hum,4,StarWars
S8_hum_3_[StarWars].wav,S8,hum,3,StarWars
S8_hum_4_[StarWars].wav,S8,hum,4,StarWars
S9_hum_3_StarWars.wav,S9,hum,3,StarWars
S9_hum_4_StarWars.wav,S9,hum,4,StarWars
S10_hum_3_StarWars.wav,S10,hum,3,StarWars
S10_hum_4_StarWars.wav,S10,hum,4,StarWars
S12_hum_3_StarWars.wav,S12,hum,3,StarWars
S12_hum_4_StarWars.wav,S12,hum,4,StarWars
S13_hum_3_StarWars.wav,S13,hum,3,StarWars
S13_hum_4_StarWars.wav,S13,hum,4,StarWars
S15_hum_2_StarWars.wav,S15,hum,2,StarWars
S15_whistle_2_StarWars.wav,S15,whistle,2,StarWars
S16_hum_2_StarWars.wav,S16,hum,2,StarWars
S16_whistle_2_StarWars.wav,S16,whistle,2,StarWars
S17_hum_3_StarWars.wav,S17,hum,3,StarWars
S17_hum_4_StarWars.wav,S17,hum,4,StarWars
S18_Hum_2_Starwars.wav,S18,hum,2,StarWars
S18_Whistle_2_Starwars.wav,S18,whistle,2,StarWars
S19_hum_3_StarWars.wav,S19,hum,3,StarWars
S19_hum_4_StarWars.wav,S19,hum,4,StarWars
S20_hum_3_StarWars.wav,S20,hum,3,StarWars
S20_hum_4_StarWars.wav,S20,hum,4,StarWars
S21_hum_3_StarWars.wav,S21,hum,3,StarWars
S21_hum_4_StarWars.wav,S21,hum,4,StarWars
S22_hum_3_StarWars.wav,S22,hum,3,StarWars
S22_hum_4_StarWars.wav,S22,hum,4,StarWars
S23_hum_3_StarWars.wav,S23,hum,3,StarWars
S23_hum_4_StarWars.wav,S23,hum,4,StarWars
S24_hum_2_StarWars.wav,S24,hum,2,StarWars
S24_whistle_2_Starwars.wav,S24,whistle,2,StarWars
S25_hum_3_StarWars.wav,S25,hum,3,StarWars
S25_hum_4_StarWars.wav,S25,hum,4,StarWars
S26_hum_3_StarWars.wav,S26,hum,3,StarWars
S26_hum_4_StarWars.wav,S26,hum,4,StarWars
S28_hum_3_StarWars.wav,S28,hum,3,StarWars
S28_hum_4_StarWars.wav,S28,hum,4,StarWars
S29_hum_2_StarWars.wav,S29,hum,2,StarWars
S29_whistle_2_StarWars.wav,S29,whistle,2,StarWars
S30_hum_3_StarWars.wav,S30,hum,3,StarWars
S30_hum_4_StarWars.wav,S30,hum,4,StarWars
S31_hum_3_StarWars.wav,S31,hum,3,StarWars
S31_hum_4_StarWars.wav,S31,hum,4,StarWars
S32_hum_2_StarWars.wav,S32,hum,2,StarWars
S32_whistle_2_StarWars.wav,S32,whistle,2,StarWars
S34_hum_2_StarWars.wav,S34,hum,2,StarWars
S34_whistle_2_StarWars.wav,S34,whistle,2,StarWars
S35_hum_3_[StarWars].wav,S35,hum,3,StarWars
S35_hum_4_[StarWars].wav,S35,hum,4,StarWars
S36_hum_3_StarWars.wav,S36,hum,3,StarWars
S36_hum_4_StarWars.wav,S36,hum,4,StarWars
S37_hum_1_[StarWars].wav,S37,hum,1,StarWars
S37_hum_2_[StarWars].wav,S37,hum,2,StarWars
S38_hum_3_StarWars.wav,S38,hum,3,StarWars
S38_hum_4_StarWars.wav,S38,hum,4,StarWars
S39_hum_2_StarWars.wav,S39,hum,2,StarWars
S39_whistle_2_StarWars.wav,S39,whistle,2,StarWars
S40_hum_2_starwars.wav,S40,hum,2,StarWars
S40_whistle_2_starwars.wav,S40,whistle,2,StarWars
S41_hum_3_StarWars.wav,S41,hum,3,StarWars
S41_hum_4_StarWars.wav,S41,hum,4,StarWars
S43_hum_2_StarWars.wav,S43,hum,2,StarWars
S43_whistle_2_StarWars.wav,S43,whistle,2,StarWars
S44_hum_2_StarWars.wav,S44,hum,2,StarWars
S44_whistle_2_StarWars.wav,S44,whistle,2,StarWars
S45_hum_2_StarWars.wav,S45,hum,2,StarWars
S45_whistle_2_StarWars.wav,S45,whistle,2,StarWars
S46_hum_3_StarWars.wav,S46,hum,3,StarWars
S46_hum_4_StarWars.wav,S46,hum,4,StarWars
S47_hum_3_starwars.wav,S47,hum,3,StarWars
S47_hum_4_starwars.wav,S47,hum,4,StarWars
S48_Hum_2_Starwars.wav,S48,hum,2,StarWars
S48_Whistle_2_Starwars.wav,S48,whistle,2,StarWars
S49_hum_2_[ Star Wars ].wav,S49,hum,2,StarWars
S49_hum_3_[ Star Wars ].wav,S49,hum,3,StarWars
S50_hum_2_StarWars.wav,S50,hum,2,StarWars
S50_whistle_2_StarWars.wav,S50,whistle,2,StarWars
S51_hum_3_StarWars.wav,S51,hum,3,StarWars
S51_hum_4_StarWars.wav,S51,hum,4,StarWars
S52_hum_2_StarWars.wav,S52,hum,2,StarWars
S52_whistle_2_StarWars.wav,S52,whistle,2,StarWars
S53_hum_3_StarWars.wav,S53,hum,3,StarWars
S53_hum_4_StarWars.wav,S53,hum,4,StarWars
S54_hum_2_StarWars.wav,S54,hum,2,StarWars
S54_whistle_2_StarWars.wav,S54,whistle,2,StarWars
S56_hum_2_StarWars.wav,S56,hum,2,StarWars
S56_whistle_2_StarWars.wav,S56,whistle,2,StarWars
S57_hum_2_StarWars.wav,S57,hum,2,StarWars
S57_whistle_2_StarWars.wav,S57,whistle,2,StarWars
S58_hum_3_StarWars.wav,S58,hum,3,StarWars
S58_hum_4_StarWars.wav,S58,hum,4,StarWars
S59_hum_3_StarWars.wav,S59,hum,3,StarWars
S59_hum_4_StarWars.wav,S59,hum,4,StarWars
S60_hum_1_[StarWars].wav,S60,hum,1,StarWars
S60_hum_2_[StarWars].wav,S60,hum,2,StarWars
S61_hum_1_[StarWars].wav,S61,hum,1,StarWars
S61_hum_2_[StatWars].wav,S61,hum,2,StarWars
S62_hum_3_StarWars.wav,S62,hum,3,StarWars
S62_hum_4_StarWars.wav,S62,hum,4,StarWars
S63_hum_3_[Starwars].wav,S63,hum,3,StarWars
S63_hum_4_[Starwars].wav,S63,hum,4,StarWars
S64_hum_2_StarWars.wav,S64,hum,2,StarWars
S64_whistle_2_StarWars.wav,S64,whistle,2,StarWars
S65_hum_3_StarWars.wav,S65,hum,3,StarWars
S65_hum_4_StarWars.wav,S65,hum,4,StarWars
S66_hum_2_StarWars.wav,S66,hum,2,StarWars
S66_whistle_2_StarWars.wav,S66,whistle,2,StarWars
S67_hum_2_StarWars.wav,S67,hum,2,StarWars
S67_whistle_2_StarWars.wav,S67,whistle,2,StarWars
S68_hum_2_StarWars.wav,S68,hum,2,StarWars
S68_whistle_2_StarWars.wav,S68,whistle,2,StarWars
S69_hum_3_StarWars.wav,S69,hum,3,StarWars
S69_hum_4_StarWars.wav,S69,hum,4,StarWars
S70_hum_3_StarWars.wav,S70,hum,3,StarWars
S70_hum_4_StarWars.wav,S70,hum,4,StarWars
S71_hum_3_StarWars.wav,S71,hum,3,StarWars
S71_hum_4_StarWars.wav,S71,hum,4,StarWars
S72_hum_2_StarWars.wav,S72,hum,2,StarWars
S72_whistle_2_StarWars.wav,S72,whistle,2,StarWars
S73_hum_3_StarWars.wav,S73,hum,3,StarWars
S73_hum_4_StarWars.wav,S73,hum,4,StarWars
S74_hum_3_StarWars.wav,S74,hum,3,StarWars
S74_hum_4_StarWars.wav,S74,hum,4,StarWars
S75_hum_2_StarWars.wav,S75,hum,2,StarWars
S75_whistle_2_StarWars.wav,S75,whistle,2,StarWars
S76_hum_2_StarWars.wav,S76,hum,2,StarWars
S76_whistle_2_Starwars.wav,S76,whistle,2,StarWars
S77_hum_2_StarWars.wav,S77,hum,2,StarWars
S77_whistle_2_StarWars.wav,S77,whistle,2,StarWars
S78_hum_2_StarWars.wav,S78,hum,2,StarWars
S78_whistle_2_StarWars.wav,S78,whistle,2,StarWars
S79_hum_3_[StarWars].wav,S79,hum,3,StarWars
S79_hum_4_[StarWars].wav,S79,hum,4,StarWars
S80_hum_2_StarWars.wav,S80,hum,2,StarWars
S80_whistle_2_StarWars.wav,S80,whistle,2,StarWars
S82_hum_3_[StarWars].wav,S82,hum,3,StarWars
S82_hum_4_[StarWars].wav,S82,hum,4,StarWars
S84_hum_3_StarWars.wav,S84,hum,3,StarWars
S84_hum_4_StarWars.wav,S84,hum,4,StarWars
S85_hum_3_StarsWars.wav,S85,hum,3,StarWars
S85_hum_4_StarsWars.wav,S85,hum,4,StarWars
S86_hum_3_StarWars.wav,S86,hum,3,StarWars
S86_hum_4_StarWars.wav,S86,hum,4,StarWars
S87_hum_2_StarWars.wav,S87,hum,2,StarWars
S87_whistle_2_StarWars.wav,S87,whistle,2,StarWars
S88_hum_1_[StarWars].wav,S88,hum,1,StarWars
S88_hum_2_[StarWars].wav,S88,hum,2,StarWars
S89_hum_2_StarWars.wav,S89,hum,2,StarWars
S89_whistle_2_StarWars.wav,S89,whistle,2,StarWars
S90_hum_2_StarWars.wav,S90,hum,2,StarWars
S90_whistle_2_StarWars.wav,S90,whistle,2,StarWars
S91_hum_2_Starwars.wav,S91,hum,2,StarWars
S91_whistle_2_Starwars.wav,S91,whistle,2,StarWars
S92_Hum_2_StarWars.wav,S92,hum,2,StarWars
S92_Hum_3_StarWars.wav,S92,hum,3,StarWars
S93_hum_2_StarWars.wav,S93,hum,2,StarWars
S93_whistle_2_StarWars.wav,S93,whistle,2,StarWars
S94_hum_2_StarWars.wav,S94,hum,2,StarWars
S94_whistle_2_StarWars.wav,S94,whistle,2,StarWars
S96_hum_1_[StarWars].wav,S96,hum,1,StarWars
S96_hum_2_[StarWars].wav,S96,hum,2,StarWars
S97_hum_3_StarWars.wav,S97,hum,3,StarWars
S97_hum_4_StarWars.wav,S97,hum,4,StarWars
S99_hum_1_[StarWars].wav,S99,hum,1,StarWars
S99_hum_2_[StarWars].wav,S99,hum,2,StarWars
S100_hum_3_StarWars.wav,S100,hum,3,StarWars
S100_hum_4_StarWars.wav,S100,hum,4,StarWars
S101_hum_3_StarWars.wav,S101,hum,3,StarWars
S101_hum_4_StarWars.wav,S101,hum,4,StarWars
S102_whistle_1_Star wars.wav,S102,whistle,1,StarWars
S102_whistle_2_Star wars.wav,S102,whistle,2,StarWars
S103_hum_2_StarWars.wav,S103,hum,2,StarWars
S103_whistle_2_StarWars.wav,S103,whistle,2,StarWars
S104_Hum_3_StarWars.wav,S104,hum,3,StarWars
S104_Hum_4_StarWars.wav,S104,hum,4,StarWars
S105_whistle_2_starwars.wav,S105,whistle,2,StarWars
S107_hum_2_Starwars.wav,S107,hum,2,StarWars
S107_whistle_2_Starwars.wav,S107,whistle,2,StarWars
S108_hum_2_StarWars.wav,S108,hum,2,StarWars
S108_whistle_2_StarWars.wav,S108,whistle,2,StarWars
S109_hum_3_[StarWars].wav,S109,hum,3,StarWars
S109_hum_4_[StarWars].wav,S109,hum,4,StarWars
S110_hum_3_StarWars.wav,S110,hum,3,StarWars
S110_hum_4_StarWars.wav,S110,hum,4,StarWars
S111_hum_3_StarWars.wav,S111,hum,3,StarWars
S111_hum_4_StarWars.wav,S111,hum,4,StarWars
S114_hum_3_star wars.wav,S114,hum,3,StarWars
S114_hum_4_star wars.wav,S114,hum,4,StarWars
S115_hum_2_StarWars.wav,S115,hum,2,StarWars
S1_hum_2_Potter.wav,S1,hum,2,Potter
S1_whistle_2_Potter.wav,S1,whistle,2,Potter
S3_hum_1_Potter.wav,S3,hum,1,Potter
S2_hum_2_Potter.wav,S2,hum,2,Potter
S2_whistle_2_Potter.wav,S2,whistle,2,Potter
S3_hum_2_Potter.wav,S3,hum,2,Potter
S4_hum_2_Potter.wav,S4,hum,2,Potter
S6_hum_2_Potter.wav,S6,hum,2,Potter
S5_hum_2_Potter.wav,S5,hum,2,Potter
S5_hum_1_Potter.wav,S5,hum,1,Potter
S4_hum_1_Potter.wav,S4,hum,1,Potter
S6_whistle_2_Potter.wav,S6,whistle,2,Potter
S7_hum_1_Potter.wav,S7,hum,1,Potter
S7_hum_2_Potter.wav,S7,hum,2,Potter
S8_hum_1_[Potter].wav,S8,hum,1,Potter
S8_hum_4_[Potter].wav,S8,hum,4,Potter
S9_hum_1_Potter.wav,S9,hum,1,Potter
S10_hum_1_Potter .wav,S10,hum,1,Potter
S10_hum_2_Potter .wav,S10,hum,2,Potter
S9_hum_2_Potter.wav,S9,hum,2,Potter
S12_hum_2_Potter .wav,S12,hum,2,Potter
S12_hum_4_Potter .wav,S12,hum,4,Potter
S13_hum_1_Potter.wav,S13,hum,1,Potter
S13_hum_2_Potter.wav,S13,hum,2,Potter
S15_hum_2_Potter.wav,S15,hum,2,Potter
S15_whistle_2_Potter.wav,S15,whistle,2,Potter
S16_hum_2_Potter.wav,S16,hum,2,Potter
S16_whistle_2_Potter.wav,S16,whistle,2,Potter
S17_hum_1_Potter.wav,S17,hum,1,Potter
S17_hum_2_Potter.wav,S17,hum,2,Potter
S18_Hum_2_Potter.wav,S18,hum,2,Potter
S18_Whistle_2_Potter.wav,S18,whistle,2,Potter
S19_hum_1_Potter.wav,S19,hum,1,Potter
S19_hum_2_Potter.wav,S19,hum,2,Potter
S20_hum_1_Potter.wav,S20,hum,1,Potter
S20_hum_2_Potter.wav,S20,hum,2,Potter
S21_hum_1_Potter.wav,S21,hum,1,Potter
S21_hum_2_Potter.wav,S21,hum,2,Potter
S22_hum_1_Potter.wav,S22,hum,1,Potter
S22_hum_2_Potter.wav,S22,hum,2,Potter
S23_hum_1_Potter.wav,S23,hum,1,Potter
S23_hum_2_Potter.wav,S23,hum,2,Potter
S24_hum_2_Potter.wav,S24,hum,2,Potter
S24_whistle_2_Potter.wav,S24,whistle,2,Potter
S25_hum_1_Potter.wav,S25,hum,1,Potter
S25_hum_2_Potter.wav,S25,hum,2,Potter
S26_hum_2_Potter.wav,S26,hum,2,Potter
S26_hum_1_Potter.wav,S26,hum,1,Potter
S29_hum_2_Potter.wav,S29,hum,2,Potter
S28_hum_2_Potter.wav,S28,hum,2,Potter
S29_whistle_2_potter.wav,S29,whistle,2,Potter
S30_hum_1_Potter.wav,S30,hum,1,Potter
S30_hum_2_Potter.wav,S30,hum,2,Potter
S31_hum_1_Potter.wav,S31,hum,1,Potter
S31_hum_2_Potter.wav,S31,hum,2,Potter
S28_hum_1_Potter.wav,S28,hum,1,Potter
S32_hum_2_Potter.wav,S32,hum,2,Potter
S32_whistle_2_Potter.wav,S32,whistle,2,Potter
S34_hum_2_Potter.wav,S34,hum,2,Potter
S34_whistle_2_Potter.wav,S34,whistle,2,Potter
S35_hum_4_[Potter].wav,S35,hum,4,Potter
S35_hum_1_[Potter].wav,S35,hum,1,Potter
S36_hum_1_Potter.wav,S36,hum,1,Potter
S36_hum_2_Potter.wav,S36,hum,2,Potter
S37_whistle_1_[Potter].wav,S37,whistle,1,Potter
S37_hum_1_[Potter].wav,S37,hum,1,Potter
S38_hum_1_Potter.wav .wav,S38,hum,1,Potter
S38_hum_3_Potterwav.wav,S38,hum,3,Potter
S39_hum_2_Potter.wav,S39,hum,2,Potter
S39_whistle_2_Potter.wav,S39,whistle,2,Potter
S40_hum_2_potter.wav,S40,hum,2,Potter
S40_whistle_2_potter.wav,S40,whistle,2,Potter
S41_hum_1_Potter.wav,S41,hum,1,Potter
S41_hum_2_Potter.wav,S41,hum,2,Potter
S43_hum_2_Potter.wav,S43,hum,2,Potter
S43_whistle_2_Potter.wav,S43,whistle,2,Potter
S44_hum_2_Potter.wav,S44,hum,2,Potter
S44_whistle_2_Potter.wav,S44,whistle,2,Potter
S45_hum_2_Potter.wav,S45,hum,2,Potter
S46_hum_1_Potter.wav,S46,hum,1,Potter
S46_hum_2_Potter.wav,S46,hum,2,Potter
S47_hum_1_potter.wav,S47,hum,1,Potter
S45_whistle_2_Potter.wav,S45,whistle,2,Potter
S48_Hum_2_Potter.wav,S48,hum,2,Potter
S47_hum_2_potter.wav,S47,hum,2,Potter
S48_Whistle_2_Potter.wav,S48,whistle,2,Potter
S49_hum_1_[potter].wav,S49,hum,1,Potter
S49_hum_4_[potter].wav,S49,hum,4,Potter
S50_hum_2_Potter.wav,S50,hum,2,Potter
S50_whistle_2_Potter.wav,S50,whistle,2,Potter
S51_hum_1_Potter.wav,S51,hum,1,Potter
S95_Whistle_2_Potter.wav,S95,whistle,2,Potter
S95_Whistle_1_StarWars.wav,S95,whistle,1,StarWars
S95_Hum_2_Potter.wav,S95,hum,2,Potter
S95_Hum_1_StarWars.wav,S95,hum,1,StarWars
S42_Hum_2_Potter.wav,S42,hum,2,Potter
S42_Hum_2_StarWar.wav,S42,hum,2,StarWars
S42_Hum_3_Potter.wav,S42,hum,3,Potter
S42_Hum_3 _StarWar.wav,S42,hum,3 ,StarWars
S55_whistle_1_Potter.wav,S55,whistle,1,Potter
S55_hum_2_Potter.wav,S55,hum,2,Potter
S55_hum_1_StarWars.wav,S55,hum,1,StarWars
S55_whistle_2_StarWars.wav,S55,whistle,2,StarWars
